SecurityID,Symbol,CompanyName,Sector,Industry,BasicIndustry,MarketCap,PreviousClose,FNO
100,ARE&M,Amara Raja Energy & Mobility,,,,,,
1008,FACT,Fertilisers & Chemical Travancore,,,,,,
10099,GODREJCP,Godrej Consumer Products,FMCG,PERSONAL CARE / HOME CARE,,,,
10217,ADANIENSOL,Adani Energy Solutions,,,,,,
10227,MANORAMA,Manorama Industries,,,,,,
1023,FEDERALBNK,Federal Bank,BANKING,PRIVATE BANK,,,,
10243,SYNGENE,Syngene International,PHARMA,CRDMO / CONTRACT RESEARCH,,,,
10297,PPL,Prakash Pipes,,,,,,
10310,AURUM,Aurum PropTech,,,,,,
1038,FINCABLES,Finolex Cables,,,,,,
10417,DYCL,Dynamic Cables,,,,,,
10440,LUPIN,Lupin,PHARMA,PHARMACEUTICALS,,,,
10447,UNITDSPR,United Spirits,FMCG,ALCOHOLIC BEVERAGES,,,,
10453,SATIN,Satin Creditcare,,,,,,
10485,RAMRAT,Ram Ratna Wires,,,,,,
10577,KRBL,KRBL,,,,,,
10579,MARKSANS,Marksans Pharma,,,,,,
10599,GUJGASLTD,Gujarat Gas,,,,,,
10604,BHARTIARTL,Bharti Airtel,,,,,,
10637,OLECTRA,Olectra Greentech,,,,,,
10738,OFSS,Oracle Financial Services Software,IT,SOFTWARE PRODUCTS,,,,
1076,ZENSARTECH,Zensar Technologies,IT,IT SERVICES,,,,
10793,SYRMA,Syrma SGS,,,,,,
1085,GABRIEL,Gabriel,,,,,,
10905,GENESYS,Genesys International Corp,,,,,,
10940,DIVISLAB,Divis Laboratories,PHARMA,PHARMACEUTICALS / APIS,,,,
10990,RADICO,Radico Khaitan,FMCG,ALCOHOLIC BEVERAGES,,,,
10999,MARUTI,Maruti Suzuki,AUTO,PASSENGER VEHICLES,,,,
11162,HARSHA,Harsha Engineers,,,,,,
11195,INDIGO,Interglobe Aviation,,,,,,
11233,SUVEN,Suven Life Sciences,,,,,,
11236,JSL,Jindal Stainless,METAL,STAINLESS STEEL,,,,
11271,DREDGECORP,Dredging Corporation of India,,,,,,
11287,UPL,UPL,CHEMICALS,AGROCHEMICALS,,,,
1134,APOLLO,Apollo Micro Systems,,,,,,
11351,PETRONET,Petronet LNG,OIL & GAS,LNG TERMINAL / IMPORT,,,,
11364,VAIBHAVGBL,Vaibhav Global,,,,,,
11373,BIOCON,Biocon,PHARMA,BIOTECHNOLOGY,,,,
11403,POONAWALLA,Poonawalla Fincorp,,,,,,
11435,SPANDANA,Spandana Sphoorty Financial,,,,,,
11483,LT,Larsen & Toubro,,,,,,
11532,ULTRACEMCO,UltraTech Cement,CEMENT,CEMENT,,,,
11536,TCS,Tata Consultancy Services,IT,IT SERVICES,,,,
11543,COFORGE,Coforge,IT,IT SERVICES,,,,
11573,FORCEMOT,Force Motors,,,,,,
11606,GUFICBIO,Gufic BioSciences,,,,,,
11618,ASTRAMICRO,Astra Microwave Products,,,,,,
11626,WELENT,Welspun Enterprises,,,,,,
11630,NTPC,NTPC,,,,,,
1164,NEWGEN,Newgen Software Technologies,,,,,,
11654,LALPATHLAB,Dr. Lal Path Labs,HEALTHCARE SERVICES,DIAGNOSTICS,,,,
11655,JBMA,JBM Auto,,,,,,
11703,ALKEM,Alkem Laboratories,PHARMA,PHARMACEUTICALS,,,,
11723,JSWSTEEL,JSW Steel,METAL,STEEL,,,,
1174,GNFC,Gujarat Narmada Valley Fert & Chem,,,,,,
11743,JINDALPHOT,Jindal Photo,,,,,,
11778,GOKEX,Gokaldas Exports,,,,,,
11782,EVEREADY,Eveready Industries,,,,,,
11794,SAKSOFT,Saksoft,,,,,,
11809,IIFL,IIFL Finance,,,,,,
1181,GODFRYPHLP,Godfrey Phillips,,,,,,
11821,WELCORP,Welspun Corp,METAL,STEEL PIPES,,,,
11829,SSWL,Steel Strips Wheels,,,,,,
11840,NH,Narayana Hrudayalaya,HEALTHCARE SERVICES,HOSPITALS,,,,
1185,AMBER,Amber Enterprises,CONSUMER DURABLES,AC COMPONENTS / ELECTRONICS MFG,,,,
1186,GLAND,Gland Pharma,PHARMA,PHARMACEUTICALS - INJECTABLES,,,,
11860,JKPAPER,JK Paper,,,,,,
11872,GRANULES,Granules,PHARMA,PHARMACEUTICALS / APIS,,,,
11884,MANINDS,Man Industries,,,,,,
11905,GENUSPOWER,Genus Power Infrastructures,,,,,,
11966,BIKAJI,Bikaji Foods International,,,,,,
11971,GOLDIAM,Goldiam International,,,,,,
11975,RML,Rane Madras,,,,,,
11987,ICIL,Indo Count Industries,,,,,,
12032,FIVESTAR,Five Star Business Finance,,,,,,
12092,KAYNES,Kaynes Technology India,,,,,,
12188,INOXGREEN,Inox Green Energy Services,,,,,,
12219,RUSTOMJEE,Keystone Realtors,,,,,,
1232,GRASIM,Grasim Industries,CEMENT,DIVERSIFIED (CEMENT HOLDING CO / VSF / CHEMICALS),,,,
1235,GREAVESCOT,Greaves Cotton,,,,,,
12489,SWSOLAR,Sterling & Wilson Renewable Energy,,,,,,
12686,MBAPL,Madhya Bharat Agro,,,,,,
1270,AMBUJACEM,Ambuja Cements,CEMENT,CEMENT,,,,
12847,KRISHANA,Krishana Phoschem,,,,,,
13,ABB,ABB,,,,,,
13061,360ONE,360 One WAM,FINANCIAL SERVICES,WEALTH MANAGEMENT,,,,
13072,IIFLCAPS,IIFL Capital Services,,,,,,
13081,TRIVENI,Triveni Engineering & Industries,,,,,,
13086,AIAENG,AIA Engineering,,,,,,
13121,KERNEX,Kernex Microsystems,,,,,,
13260,KEC,KEC International,,,,,,
1328,MARINE,Marine Electricals,,,,,,
13285,M&MFIN,M&M Financial Services,,,,,,
13310,KEI,KEI Industries,,,,,,
1333,HDFCBANK,HDFC Bank,BANKING,PRIVATE BANK,,,,
13332,SOLARINDS,Solar Industries,CHEMICALS,EXPLOSIVES / SPECIALTY CHEMICALS,,,,
13359,KFINTECH,KFin Technologies,FINANCIAL SERVICES,CAPITAL MARKETS - RTA SERVICES,,,,
1336,HEG,HEG,,,,,,
13404,SUNTV,Sun TV Network,MEDIA & ENTERTAINMENT,BROADCASTING,,,,
13409,GPIL,Godawari Power & Ispat,,,,,,
13414,RSYSTEMS,R Systems International,,,,,,
1348,HEROMOTOCO,Hero Motocorp,AUTO,TWO WHEELERS,,,,
13517,EMAMILTD,Emami,FMCG,PERSONAL CARE,,,,
13538,TECHM,Tech Mahindra,IT,IT SERVICES,,,,
13587,ACE,Action Construction Equipment,,,,,,
13611,IRCTC,IRCTC,,,,,,
13620,ANANTRAJ,Anant Raj,REALTY,REAL ESTATE,,,,
1363,HINDALCO,Hindalco Industries,METAL,ALUMINIUM & COPPER,,,,
13631,SKYGOLD,Sky Gold And Diamonds,,,,,,
13643,ELECON,Elecon Engineering Company,,,,,,
13648,TALBROAUTO,Talbros Automotive Components,,,,,,
13750,FLUOROCHEM,Gujarat Fluorochemicals,CHEMICALS,FLUOROCHEMICALS,,,,
13751,NAUKRI,Info Edge,,,,,,
13776,GESHIP,Great Eastern Shipping Company,,,,,,
13786,TORNTPOWER,Torrent Power,,,,,,
13816,LTFOODS,LT Foods,,,,,,
13868,AARTIPHARM,Aarti Pharma Labs,,,,,,
13880,BANCOINDIA,Banco Products,,,,,,
1394,HINDUNILVR,Hindustan Unilever,FMCG,DIVERSIFIED FMCG,,,,
13966,HBLENGINE,HBL Engineering,,,,,,
13976,TANLA,Tanla Platforms,,,,,,
13982,JASH,Jash Engineering,,,,,,
14014,LUMAXTECH,Lumax Auto Technologies,,,,,,
14058,SANGHVIMOV,Sanghvi Movers,,,,,,
1406,HINDPETRO,Hindustan Petroleum,OIL & GAS,REFINING & MARKETING - PSU,,,,
14063,WANBURY,Wanbury,,,,,,
14154,UNOMINDA,UNO Minda,AUTO,AUTO ANCILLARIES,,,,
14203,HUBTOWN,Hubtown,,,,,,
1424,HINDZINC,Hindustan Zinc,METAL,ZINC & SILVER MINING,,,,
14255,REDINGTON,Redington,,,,,,
14296,VIYASH,Viyash Scientific,,,,,,
14299,PFC,Power Finance Corporation,FINANCIAL SERVICES,NBFC - PSU,,,,
14304,FSL,Firstsource Solutions,,,,,,
14309,INDIANB,Indian Bank,BANKING,PSU BANK,,,,
14329,SMSPHARMA,SMS Pharmaceuticals,,,,,,
14334,HSCL,Himadri Speciality Chemical,CHEMICALS,SPECIALTY CHEMICALS / CARBON MATERIALS,,,,
14361,APOLLOPIPE,Apollo Pipes,,,,,,
14385,POCL,Pondy Oxides & Chemical,,,,,,
14418,ASTRAL,Astral,,,,,,
14435,JKTYRE,JK Tyre & Industries,,,,,,
14479,DIVGIITTS,Divgi Torqtransfer Systems,,,,,,
14480,GOKULAGRO,Gokul Agro Resources,,,,,,
14501,BALAMINES,Balaji Amines,,,,,,
14552,PHOENIXLTD,Phoenix Mills,REALTY,REAL ESTATE - RETAIL/MALLS,,,,
14592,FORTIS,Fortis Healthcare,HEALTHCARE SERVICES,HOSPITALS,,,,
14732,DLF,DLF,REALTY,REAL ESTATE,,,,
14766,V2RETAIL,V2 Retail,,,,,,
14788,SPARC,Sun Pharma Advanced Research Co,,,,,,
14912,KPRMILL,KPR Mill,,,,,,
14937,CIEINDIA,CIE Automotive,,,,,,
14947,MOTILALOFS,Motilal Oswal Financial Services,,,,,,
14966,CSBBANK,CSB Bank,,,,,,
14977,POWERGRID,Power Grid Corporation of India,,,,,,
15058,AVALON,Avalon Technologies,,,,,,
15068,RELIGARE,Religare Enterprises,,,,,,
1508,ASTERDM,Aster DM Healthcare,HEALTHCARE SERVICES,HOSPITALS,,,,
15083,ADANIPORTS,Adani Ports & SEZ,,,,,,
1512,INDHOTEL,Indian Hotels Company,,,,,,
15141,COLPAL,Colgate Palmolive,FMCG,PERSONAL CARE,,,,
15174,TARIL,Transformers & Rectifiers,,,,,,
15179,ECLERX,eClerx Services,,,,,,
15180,KIRLPNU,Kirloskar Pneumatic Company,,,,,,
15184,BRIGADE,Brigade Enterprises,REALTY,REAL ESTATE,,,,
15355,RECLTD,REC,FINANCIAL SERVICES,NBFC - PSU,,,,
15362,VGUARD,V-Guard Industries,,,,,,
15380,MANKIND,Mankind Pharma,PHARMA,PHARMACEUTICALS,,,,
15414,TITAGARH,Titagarh Rail Systems,,,,,,
15555,HCG,Healthcare Global Enterprises,,,,,,
15589,AVG,AVG Logistics,,,,,,
157,APOLLOHOSP,Apollo Hospitals,HEALTHCARE SERVICES,HOSPITALS,,,,
1594,INFY,Infosys,IT,IT SERVICES,,,,
16045,PRINCEPIPE,Prince Pipes & Fittings,,,,,,
1621,TATAINVEST,Tata Investment Corporation,,,,,,
163,APOLLOTYRE,Apollo Tyres,,,,,,
1630,IONEXCHANG,Ion Exchange,,,,,,
1633,IPCALAB,IPCA Laboratories,PHARMA,PHARMACEUTICALS,,,,
1660,ITC,ITC,FMCG,DIVERSIFIED FMCG,,,,
16669,BAJAJ-AUTO,Bajaj Auto,AUTO,TWO/THREE WHEELERS,,,,
16675,BAJAJFINSV,Bajaj Finserv,FINANCIAL SERVICES,DIVERSIFIED FINANCIAL SERVICES,,,,
16713,UBL,United Breweries,FMCG,ALCOHOLIC BEVERAGES,,,,
1675,ITI,ITI,,,,,,
16783,GVT&D,GE Vernova T&D,,,,,,
16915,ZFCVINDIA,ZF Commercial,,,,,,
16921,20MICRONS,20 Microns,,,,,,
17029,PATANJALI,Patanjali Foods,FMCG,EDIBLE OILS / PACKAGED FOODS,,,,
17032,THYROCARE,Thyrocare Technologies,,,,,,
17094,CROMPTON,Crompton Greaves,CONSUMER DURABLES,CONSUMER ELECTRICALS,,,,
17105,SUMICHEM,Sumitomo Chemical,CHEMICALS,AGROCHEMICALS,,,,
17130,PARAGMILK,Parag Milk Foods,,,,,,
17186,SHRIPISTON,Shriram Pistons & Rings,,,,,,
17187,CYIENTDLM,Cyient DLM,,,,,,
1726,JBCHEPHARM,J B Chemicals and Pharmaceuticals,PHARMA,PHARMACEUTICALS,,,,
17271,SENCO,Senco Gold,,,,,,
17279,BLS,BLS International Services,,,,,,
17313,LLOYDSME,Lloyds Metals & Energy,METAL,IRON ORE MINING,,,,
17388,ADANIPOWER,Adani Power,,,,,,
17397,PREMEXPLN,Premier Explosives,,,,,,
17424,GLOBUSSPR,Globus Spirits,,,,,,
17433,NETWEB,Netweb Technologies,,,,,,
17438,OIL,Oil India,OIL & GAS,OIL EXPLORATION & PRODUCTION - PSU,,,,
17534,MGL,Mahanagar Gas,OIL & GAS,CITY GAS DISTRIBUTION,,,,
17635,ZYDUSWELL,Zydus Wellness,,,,,,
17641,SUNTECK,Sunteck Realty,,,,,,
17704,QUESS,Quess Corp,,,,,,
17738,YATHARTH,Yatharth Hospital,,,,,,
17752,SHILPAMED,Shilpa Medicare,,,,,,
17758,SARDAEN,Sarda Energy & Minerals,,,,,,
17764,REFEX,Refex Industries,,,,,,
17818,LTM,LTM,IT,IT SERVICES,,,,
17869,JSWENERGY,JSW Energy,,,,,,
17875,GODREJPROP,Godrej Properties,REALTY,REAL ESTATE,,,,
17939,HINDCOPPER,Hindustan Copper,METAL,COPPER - PSU,,,,
17945,COHANCE,Cohance Lifesciences,PHARMA,CDMO / SPECIALTY PHARMA INGREDIENTS,,,,
17963,NESTLEIND,Nestle,FMCG,PACKAGED FOODS,,,,
17971,SBICARD,SBI Cards,FINANCIAL SERVICES,NBFC - CREDIT CARDS,,,,
18011,WHIRLPOOL,Whirlpool,CONSUMER DURABLES,HOME APPLIANCES,,,,
18039,ADVENZYMES,Advanced Enzyme Tech,,,,,,
1808,KAJARIACER,Kajaria Ceramics,CONSUMER DURABLES,CERAMICS / TILES,,,,
18096,JUBLFOOD,Jubilant FoodWorks,,,,,,
18118,THANGAMAYL,Thangamayil Jewellery,,,,,,
1814,KPIL,Kalpataru Projects International,,,,,,
18143,JIOFIN,Jio Financial Services,FINANCIAL SERVICES,NBFC,,,,
18252,SPAL,SP Apparels,,,,,,
18268,AEROFLEX,Aeroflex Industries,,,,,,
18359,SANDUMA,Sandur Manganese & Iron Ores,,,,,,
18365,PERSISTENT,Persistent Systems,IT,IT SERVICES,,,,
1838,KARURVYSYA,Karur Vysya Bank,,,,,,
18391,RBLBANK,RBL Bank,BANKING,PRIVATE BANK,,,,
18543,DIACABS,Diamond Power Infrastructure,,,,,,
18553,JLHL,Jupiter Life Line Hospital,,,,,,
18566,RRKABEL,RR Kabel,,,,,,
18581,KIRLOSBROS,Kirloskar Brothers,,,,,,
18593,EMSLIMITED,EMS,,,,,,
18608,ZAGGLE,Zaggle Prepaid Ocean Services,,,,,,
18652,ICICIPRULI,ICICI Prudential Life Insurance,FINANCIAL SERVICES,LIFE INSURANCE,,,,
18679,HPL,HPL Electric & Power,,,,,,
18721,NUVAMA,Nuvama Wealth Management,,,,,,
18743,SIGNATURE,Signatureglobal,,,,,,
18889,KSL,Kalyani Steels,,,,,,
18908,PNBHOUSING,PNB Housing Finance,FINANCIAL SERVICES,HOUSING FINANCE,,,,
18921,VBL,Varun Beverages,FMCG,BEVERAGES,,,,
1901,CUMMINSIND,Cummins,,,,,,
19020,JSWINFRA,JSW Infrastructure,,,,,,
19061,MANAPPURAM,Manappuram Finance,FINANCIAL SERVICES,NBFC - GOLD LOAN,,,,
19196,TI,Tilaknagar Industries,,,,,,
1922,KOTAKBANK,Kotak Bank,BANKING,PRIVATE BANK,,,,
19234,LAURUSLABS,Laurus Labs,PHARMA,PHARMACEUTICALS / APIS,,,,
19235,IMFA,Indian Metals & Ferro Alloys,,,,,,
19265,BLISSGVS,Bliss GVS Pharma,,,,,,
193,ARVIND,Arvind,,,,,,
19531,BAJAJCON,Bajaj Consumer Care,,,,,,
19585,BSE,BSE,FINANCIAL SERVICES,CAPITAL MARKETS,,,,
19631,PRICOLLTD,Pricol,,,,,,
1964,TRENT,Trent,,,,,,
19686,BLUEJET,Blue Jet Healthcare,PHARMA,SPECIALTY PHARMA INGREDIENTS,,,,
19761,ADFFOODS,ADF Foods,,,,,,
19813,HONASA,Mamaearth,,,,,,
19913,DMART,Avenue Supermarts DMart,,,,,,
1997,LICHSGFIN,LIC Housing Finance,FINANCIAL SERVICES,HOUSING FINANCE,,,,
20152,ASKAUTOLTD,ASK Automotive,,,,,,
20188,WABAG,VA Tech Wabag,,,,,,
20224,JWL,Jupiter Wagons,,,,,,
20242,OBEROIRLTY,Oberoi Realty,REALTY,REAL ESTATE,,,,
20293,TATATECH,Tata Technologies,IT,IT SERVICES - ENGINEERING,,,,
203,ASHAPURMIN,Ashapura Minechem,,,,,,
20302,PRESTIGE,Prestige Estates Projects,REALTY,REAL ESTATE,,,,
2031,M&M,Mahindra & Mahindra,AUTO,PASSENGER VEHICLES/UV,,,,
20329,CGCL,Capri Global Capital,,,,,,
20372,FLAIR,Flair Writing Industries,,,,,,
20374,COALINDIA,Coal India,,,,,,
20425,NACLIND,NACL Industries,,,,,,
2043,RAMCOCEM,Ramco Cements,CEMENT,CEMENT,,,,
2049,CHENNPETRO,Chennai Petroleum Corporation,OIL & GAS,REFINERIES,,,,
20551,DOMS,DOMS Industries,,,,,,
20560,DOLLAR,Dollar Industries,,,,,,
20607,INOXINDIA,INOX India,,,,,,
2073,VTL,Vardhman Textiles,,,,,,
20822,SURAJEST,Suraj Estate Developers,,,,,,
20825,HUDCO,HUDCO,FINANCIAL SERVICES,NBFC - PSU HOUSING,,,,
20830,MOIL,MOIL,,,,,,
20831,MUTHOOTMF,Muthoot Microfin,,,,,,
2088,MAHSEAMLES,Maharashtra Seamless,,,,,,
20905,AZAD,Azad Engineering,,,,,,
20936,KIRLOSENG,Kirloskar Oil Engines,,,,,,
2107,STOVEKRAFT,Stove Kraft,,,,,,
21091,STARCEMENT,Star Cement,CEMENT,CEMENT,,,,
21131,TEJASNET,Tejas Networks,,,,,,
21174,CDSL,CDSL,FINANCIAL SERVICES,CAPITAL MARKETS - DEPOSITORY,,,,
21238,AUBANK,AU Small Finance Bank,BANKING,SMALL FINANCE BANK,,,,
21334,JYOTICNC,Jyoti CNC Automation,,,,,,
2142,MFSL,Max Financial Services,FINANCIAL SERVICES,LIFE INSURANCE,,,,
2144,BDL,Bharat Dynamics,,,,,,
21501,SIS,SIS,,,,,,
21508,COCHINSHIP,Cochin Shipyard,,,,,,
21614,ABCAPITAL,Aditya Birla Capital,FINANCIAL SERVICES,DIVERSIFIED NBFC,,,,
21623,APEX,Apex Frozen Foods,,,,,,
21690,DIXON,Dixon Technologies,CONSUMER DURABLES,ELECTRONICS CONTRACT MANUFACTURING,,,,
21749,CAPACITE,Capacite Infraprojects,,,,,,
21770,ICICIGI,ICICI Lombard General Insurance,FINANCIAL SERVICES,GENERAL INSURANCE,,,,
21808,SBILIFE,SBI Life Insurance,FINANCIAL SERVICES,LIFE INSURANCE,,,,
2183,TSFINV,TSF Investments,,,,,,
21951,HFCL,HFCL,TELECOM,TELECOM EQUIPMENT,,,,
22,ACC,ACC,CEMENT,CEMENT,,,,
22347,MACPOWER,Macpower CNC Machines,,,,,,
22377,MAXHEALTH,Max Healthcare Institute,HEALTHCARE SERVICES,HOSPITALS,,,,
22463,EPACK,Epack Durable,,,,,,
22566,BLSE,BLS E-Services,,,,,,
2263,BANDHANBNK,Bandhan Bank,BANKING,PRIVATE BANK,,,,
22656,SIGNPOST,Signpost India,,,,,,
22663,JSFB,Jana Small Finance Bank,,,,,,
22670,RPTECH,Rashi Peripherals,,,,,,
2303,HAL,Hindustan Aeronautics,,,,,,
23402,SRM,SRM Contractors,,,,,,
23489,BHARTIHEXA,Bharti Hexacom,TELECOM,TELECOM SERVICES,,,,
23553,AIIL,Authum Inv & Infr,,,,,,
236,ASIANPAINT,Asian Paints,,,,,,
23607,BALUFORGE,Balu Forge Industries,,,,,,
23621,JNKINDIA,JNK India,,,,,,
23650,MUTHOOTFIN,Muthoot Finance,FINANCIAL SERVICES,NBFC - GOLD LOAN,,,,
23729,AADHARHFC,Aadhar Housing Finance,,,,,,
23799,GODIGIT,Go Digit General Insurance,,,,,,
23864,AWFIS,Awfis Space Solutions,,,,,,
2388,NELCO,NELCO,,,,,,
2397,SANDHAR,Sandhar Technologies,,,,,,
24184,PIIND,PI Industries,CHEMICALS,AGROCHEMICALS,,,,
24225,RELAXO,Relaxo Footwears,,,,,,
24308,ABDL,Allied Blenders & Distillers,,,,,,
2431,RAILTEL,Railtel Corporation of India,,,,,,
24386,BANSALWIRE,Bansal Wire Industries,,,,,,
24398,EMCURE,Emcure Pharmaceuticals,PHARMA,PHARMACEUTICALS,,,,
24403,ASHIANA,Ashiana Housing,,,,,,
24445,AGIIL,AGI Infra,,,,,,
2463,MIDHANI,Mishra Dhatu Nigam,,,,,,
24715,AKUMS,Akums Drugs & Pharma,,,,,,
24742,CEIGALL,Ceigall India,,,,,,
2475,ONGC,Oil & Natural Gas Corporation,OIL & GAS,OIL EXPLORATION & PRODUCTION - PSU,,,,
24814,FIRSTCRY,Firstcry (Brainbees Solutions),,,,,,
24823,MANCREDIT,Mangal Credit & Fincorp,,,,,,
24948,LTF,L&T Finance,FINANCIAL SERVICES,NBFC,,,,
25,ADANIENT,Adani Enterprises,METAL,DIVERSIFIED / METALS-MINING,,,,
25049,PREMIERENE,Premier Energies,,,,,,
25162,EUREKAFORB,Eureka Forbes,,,,,,
25178,TDPOWERSYS,TD Power Systems,,,,,,
25312,PNGJL,PN Gadgil Jewellers,,,,,,
25328,APLLTD,Alembic Pharmaceuticals,,,,,,
25358,PGEL,PG Electroplast,CONSUMER DURABLES,ELECTRONICS CONTRACT MANUFACTURING,,,,
25392,PANAMAPET,Panama Petrochem,,,,,,
25426,NORTHARC,Northern Arc Capital,,,,,,
25574,SHAKTIPUMP,Shakti Pumps,,,,,,
25584,TRITURBINE,Triveni Turbines,,,,,,
25608,INDOTHAI,Indo Thai Securities,,,,,,
25672,DIFFNKG,Diffusion Engineers,,,,,,
25780,APLAPOLLO,APL Apollo Tubes,METAL,STEEL PIPES & TUBES,,,,
25844,HYUNDAI,Hyundai Motor India,,,,,,
25897,MINDACORP,Minda Corporation,,,,,,
25907,WAAREEENER,Waaree Energies,,,,,,
25977,AFCONS,Afcons Infrastructure,,,,,,
2649,PCBL,PCBL Chemical,CHEMICALS,CARBON BLACK,,,,
2664,PIDILITIND,Pidilite Industries,CHEMICALS,SPECIALTY CHEMICALS / ADHESIVES,,,,
2705,PRAJIND,Praj Industries,,,,,,
27061,ACMESOLAR,ACME Solar Holdings,,,,,,
27066,SWIGGY,Swiggy,,,,,,
27079,KPEL,KP Energy,,,,,,
27095,SWANCORP,Swan Corp,CHEMICALS,CHEMICALS,,,,
27144,BLACKBUCK,Black Buck,,,,,,
2717,PRECWIRE,Precision Wires India,,,,,,
27213,EIEL,Enviro Infra Engineers,,,,,,
27353,ROSSTECH,Rossell Techsys,,,,,,
275,AUROPHARMA,Aurobindo Pharma,PHARMA,PHARMACEUTICALS,,,,
277,GICRE,GIC of India,,,,,,
27839,SAILIFE,Sai Life Sciences,PHARMA,CRDMO,,,,
28046,MOBIKWIK,One Mobikwik Systems,,,,,,
2816,RALLIS,Rallis,,,,,,
2829,ANURAS,Anupam Rasayan,,,,,,
28378,IGIL,International Gemological Institute,,,,,,
2859,RAYMOND,Raymond,,,,,,
28714,TRANSRAILL,Transrail Lighting,,,,,,
28764,CEWATER,Concord Enviro Systems,,,,,,
2885,RELIANCE,Reliance Industries,OIL & GAS,REFINING & PETROCHEMICALS (DIVERSIFIED),,,,
28879,CARRARO,Carraro,,,,,,
28906,MAYURUNIQ,Mayur Uniquoters,,,,,,
28960,UNIMECH,Unimech Aerospace and Manufacturing,,,,,,
29075,SETL,Standard Engineering Technology,,,,,,
29087,QUADFUTURE,Quadrant Future Tek,,,,,,
29135,INDUSTOWER,Indus Towers,TELECOM,TELECOM INFRASTRUCTURE / TOWERS,,,,
29256,DENTA,Denta Water and Infra Solutions,,,,,,
29459,MOSCHIP,Moschip Technologies,,,,,,
29472,PROTEAN,Protean e-Gov Technologies,,,,,,
2955,KALYANKJIL,Kalyan Jewellers,CONSUMER DURABLES,JEWELLERY,,,,
29666,HEXT,Hexaware Technologies,IT,IT SERVICES,,,,
2987,NAZARA,Nazara Technologies,MEDIA & ENTERTAINMENT,GAMING,,,,
29962,JUSTDIAL,Just Dial,,,,,,
30023,ATULAUTO,Atul Auto,,,,,,
3024,JINDALSAW,Jindal SAW,,,,,,
3045,SBIN,State Bank of India,BANKING,PSU BANK,,,,
3048,SCI,Shipping Corporation of India,,,,,,
3063,VEDL,Vedanta,METAL,DIVERSIFIED METALS & MINING,,,,
30893,CMRGREEN,CMR Green Technologies,,,,,,
31163,RHIM,RHI Magnesita,,,,,,
31181,MCX,MCX,FINANCIAL SERVICES,CAPITAL MARKETS / EXCHANGE,,,,
312,TIINDIA,Tube Investment,AUTO,AUTO ANCILLARIES,,,,
31234,SCHNEIDER,Schneider Electric Infra,,,,,,
3149,BORORENEW,Borosil Renewables,,,,,,
3150,SIEMENS,Siemens,,,,,,
317,BAJFINANCE,Bajaj Finance,FINANCIAL SERVICES,NBFC,,,,
3220,LODHA,Lodha Developers,REALTY,REAL ESTATE,,,,
324,ANGELONE,Angel One,FINANCIAL SERVICES,CAPITAL MARKETS - BROKING,,,,
3273,SRF,SRF,CHEMICALS,SPECIALTY CHEMICALS / FLUOROCHEMICALS,,,,
3275,TEMBO,Tembo Global Industries,,,,,,
3324,SUBROS,Subros,,,,,,
3345,SUNDRMFAST,Sundram Fasteners,,,,,,
3351,SUNPHARMA,Sun Pharmaceutical,PHARMA,PHARMACEUTICALS,,,,
3363,SUPREMEIND,Supreme Industries,,,,,,
3375,SURYAROSNI,Surya Roshni,,,,,,
3405,TATACHEM,Tata Chemicals,CHEMICALS,CHEMICALS / SODA ASH,,,,
341,BALRAMCHIN,Balrampur Chini Mills,,,,,,
3411,TATAELXSI,Tata Elxsi,IT,IT SERVICES - DESIGN/ENGINEERING,,,,
342,CAMS,CAMS,FINANCIAL SERVICES,CAPITAL MARKETS - RTA SERVICES,,,,
3426,TATAPOWER,Tata Power,,,,,,
3432,TATACONSUM,Tata Consumer Products,FMCG,PACKAGED FOODS / BEVERAGES,,,,
3435,BBOX,Black Box,,,,,,
3456,TMPV,Tata Motors Passenger Vehicles,AUTO,PASSENGER VEHICLES,,,,
3475,THERMAX,Thermax,,,,,,
3506,TITAN,Titan,CONSUMER DURABLES,WATCHES / JEWELLERY,,,,
3518,TORNTPHARM,Torrent Pharmaceuticals,PHARMA,PHARMACEUTICALS,,,,
3546,TTKPRESTIG,TTK Prestige,,,,,,
3563,ADANIGREEN,Adani Green Energy,,,,,,
357,NAM-INDIA,Nippon Life India AMC,,,,,,
3607,UNIVCABLES,Universal Cables,,,,,,
3637,JUBLPHARMA,Jubilant Pharmova,PHARMA,PHARMACEUTICALS / CDMO,,,,
3672,SOLARA,Solara Active Pharma Sciences,,,,,,
3703,VIPIND,VIP Industries,,,,,,
371,BATAINDIA,Bata,CONSUMER DURABLES,FOOTWEAR,,,,
3718,VOLTAS,Voltas,CONSUMER DURABLES,AIR CONDITIONING / COOLING,,,,
3721,TATACOMM,Tata Communications,TELECOM,TELECOM SERVICES,,,,
3724,VSTIND,VST Industries,,,,,,
3736,WALCHANNAG,Walchandnagar Industries,,,,,,
3761,RITES,RITES,,,,,,
3766,WHEELS,Wheels,,,,,,
3799,WSTCSTPAPR,West Coast Paper Mills,,,,,,
383,BEL,Bharat Electronics,,,,,,
3857,VARROC,Varroc Engineering,,,,,,
3880,SOMANYCERA,Somany Ceramics,,,,,,
3906,CAPLIPOINT,Caplin Point Laboratories,PHARMA,PHARMACEUTICALS,,,,
3918,NATCOPHARM,Natco Pharma,PHARMA,PHARMACEUTICALS,,,,
395,BEML,BEML,,,,,,
40,AEGISLOG,Aegis Logistics,OIL & GAS,LPG / OIL STORAGE & LOGISTICS,,,,
4014,NAVA,Nava,,,,,,
404,BERGEPAINT,Berger Paints,,,,,,
4055,PANACEABIO,Panacea Biotec,,,,,,
4067,MARICO,Marico,FMCG,PERSONAL CARE,,,,
422,BHARATFORG,Bharat Forge,AUTO,AUTO ANCILLARIES,,,,
4244,HDFCAMC,HDFC AMC,FINANCIAL SERVICES,ASSET MANAGEMENT,,,,
4306,SHRIRAMFIN,Shriram Finance,FINANCIAL SERVICES,NBFC,,,,
438,BHEL,Bharat Heavy Electricals,,,,,,
4391,GULFOILLUB,Gulf Oil Lubricants,,,,,,
4410,JAGSNPHARM,Jagsonpal Pharmaceuticals,,,,,,
4421,CREDITACC,Credit Access Grameen,,,,,,
4481,AARTIDRUGS,Aarti Drugs,,,,,,
4503,MPHASIS,Mphasis,IT,IT SERVICES,,,,
4587,RAMCOIND,Ramco Industries,,,,,,
4598,HERITGFOOD,Heritage Foods,,,,,,
4656,SBCL,Shivalik Bimetal Controls,,,,,,
4668,BANKBARODA,Bank of Baroda,BANKING,PSU BANK,,,,
467,HDFCLIFE,HDFC Life Insurance,FINANCIAL SERVICES,LIFE INSURANCE,,,,
4684,SONACOMS,Sona BLW Precision Forgings,AUTO,AUTO ANCILLARIES,,,,
4693,SHYAMMETL,Shyam Metalics & Energy,,,,,,
4732,SKMEGGPROD,SKM Egg Products Export,,,,,,
4749,CONCOR,Container Corporation of India,,,,,,
4751,INDRAMEDCO,Indraprastha Medical Corporation,,,,,,
48,HAPPSTMNDS,Happiest Minds Technologies,,,,,,
4847,KIMS,Krishna Institute of Medical Sciences,HEALTHCARE SERVICES,HOSPITALS,,,,
4870,INDSWFTLAB,Ind Swift Laboratories,,,,,,
4892,SAREGAMA,Saregama India,MEDIA & ENTERTAINMENT,MUSIC,,,,
4898,FDC,FDC,,,,,,
4907,ENGINERSIN,Engineers India,,,,,,
4963,ICICIBANK,ICICI Bank,BANKING,PRIVATE BANK,,,,
5049,CLEAN,Clean Science & Technology,,,,,,
509,MAZDOCK,Mazagon Dock Shipbuilders,,,,,,
5097,ETERNAL,Eternal,,,,,,
5108,KPIGREEN,KPI Green Energy,,,,,,
5204,GMDCLTD,Gujarat Mineral Development Corporation,,,,,,
5258,INDUSINDBK,Indusind Bank,BANKING,PRIVATE BANK,,,,
526,BPCL,Bharat Petroleum,OIL & GAS,REFINING & MARKETING - PSU,,,,
5264,PDSL,PDS,,,,,,
5265,ALIVUS,Alivus Life Sciences,,,,,,
527,UTIAMC,UTI AMC,,,,,,
5385,AAVAS,Aavas Financiers,,,,,,
5407,CARTRADE,CarTrade Tech,,,,,,
5426,NUVOCO,Nuvoco Vistas Corporation,CEMENT,CEMENT,,,,
5435,APTUS,Aptus Value Housing Finance,,,,,,
547,BRITANNIA,Britannia Industries,FMCG,PACKAGED FOODS,,,,
5475,GRSE,Garden Reach Shipbuilders,,,,,,
5578,ACUTAAS,Acutaas Chemicals,PHARMA,API / PHARMA INTERMEDIATES,,,,
5585,VIJAYA,Vijaya Diagnostic Centre,HEALTHCARE SERVICES,DIAGNOSTICS,,,,
5622,CEMPRO,Cemindia Projects,,,,,,
5701,CUB,City Union Bank,,,,,,
5748,CYIENT,Cyient,IT,IT SERVICES - ENGINEERING,,,,
5751,SANSERA,Sansera Engineering,,,,,,
583,CANFINHOME,Can Fin Homes,,,,,,
5900,AXISBANK,Axis Bank,BANKING,PRIVATE BANK,,,,
5911,PARAS,Paras Defence Space Tech,,,,,,
592,GRAPHITE,Graphite,,,,,,
5926,INTELLECT,Intellect Design Arena,IT,SOFTWARE PRODUCTS,,,,
595,CARBORUNIV,Carborundum Universal,,,,,,
6018,ABSLAMC,Aditya Birla Sun Life AMC,,,,,,
6066,ATGL,Adani Total Gas,OIL & GAS,CITY GAS DISTRIBUTION,,,,
6125,GOODLUCK,Goodluck India,,,,,,
6164,BHAGCHEM,Bhagiradha Chemicals & Industries,,,,,,
6278,MEDICAMEQ,Medicamen Biotech,,,,,,
6364,NATIONALUM,NALCO,METAL,ALUMINIUM,,,,
637,CHAMBLFERT,Chambal Fertilisers & Chemicals,CHEMICALS,FERTILISERS,,,,
6445,TECHNOE,Techno Electric & Engineering,,,,,,
6545,NYKAA,Nykaa,,,,,,
6596,SONATSOFTW,Sonata Software,IT,IT SERVICES,,,,
6656,POLICYBZR,PB FinTech,FINANCIAL SERVICES,INSURANCE / FINANCIAL DISTRIBUTION,,,,
6705,PAYTM,One 97 Communications,FINANCIAL SERVICES,FINTECH / PAYMENTS,,,,
6713,MOLDTKPAC,Mold-Tek Packaging,,,,,,
6733,JINDALSTEL,Jindal Steel,,,,,,
676,EXIDEIND,Exide Industries,AUTO,AUTO ANCILLARIES,,,,
6818,LATENTVIEW,Latent View Analytics,,,,,,
685,CHOLAFIN,Cholamandalam Investment,FINANCIAL SERVICES,NBFC,,,,
6863,BAJAJHCARE,Bajaj HealthCare,,,,,,
694,CIPLA,Cipla,PHARMA,PHARMACEUTICALS,,,,
6943,TARSONS,Tarsons Products,,,,,,
6944,GANECOS,Ganesha Ecosphere,,,,,,
6964,GOCOLORS,Go Colors,,,,,,
6994,BSOFT,Birlasoft,,,,,,
7,AARTIIND,Aarti Industries,CHEMICALS,SPECIALTY CHEMICALS,,,,
7030,ASIANENE,Asian Energy Services,,,,,,
7083,STARHEALTH,Star Health Insurance,,,,,,
7145,ANANDRATHI,Anand Rathi Wealth,,,,,,
7177,RATEGAIN,RateGain Travel,,,,,,
7227,MAPMYINDIA,CE Info Systems,,,,,,
7229,HCLTECH,HCL Technologies,IT,IT SERVICES,,,,
7242,METROBRAND,Metro Brands,,,,,,
7254,MEDPLUS,Medplus Health Services,,,,,,
7358,DATAPATTNS,Data Patterns,,,,,,
7374,STAR,Strides Pharma Science,,,,,,
739,COROMANDEL,Coromandel International,CHEMICALS,FERTILISERS / AGROCHEMICALS,,,,
7390,SUPRIYA,Supriya Lifescience,,,,,,
7406,GLENMARK,Glenmark Pharmaceuticals,PHARMA,PHARMACEUTICALS,,,,
7506,WOCKPHARMA,Wockhardt,PHARMA,PHARMACEUTICALS,,,,
7508,ZENTEC,Zen Technologies,,,,,,
7553,NRBBEARING,NRB Bearings,,,,,,
756038,WAAREERTL,Waaree Renewable Technologies,,,,,,
756802,OSWALPUMPS,Oswal Pumps,,,,,,
756871,ENRIN,Siemens Energy,,,,,,
757014,THELEELA,Leela Palaces Hotels & Resorts,,,,,,
757102,BELRISE,Belrise Industries,,,,,,
757336,AEGISVOPAK,Aegis Vopak Terminals,OIL & GAS,OIL / GAS STORAGE & LOGISTICS,,,,
757645,ATHERENERG,Ather Energy,,,,,,
757772,HDBFS,HDB Financial Services,,,,,,
757850,CRIZAC,Crizac,,,,,,
757862,EBGNG,GNG Electronics,,,,,,
757885,ANTHEM,Anthem Biosciences,PHARMA,CRDMO,,,,
758002,SHANTIGOLD,Shanti Gold International,,,,,,
758115,JSLL,Jeena Sikho Lifecare,,,,,,
758551,RAYMONDREL,Raymond Realty,,,,,,
758558,KALPATARU,Kalpataru,,,,,,
758563,ELLEN,Ellenbarrie Industrial Gases,,,,,,
758853,SGFIN,SG Finserv,,,,,,
758858,CPPLUS,Aditya Infotech,,,,,,
758889,SGMART,SG Mart,,,,,,
758986,GCSL,Gretex Corporate Services,,,,,,
759041,IVALUE,Ivalue Infosolutions,,,,,,
759093,SHRINGARMS,Shringar House of Mangalsutra,,,,,,
759244,JAINREC,Jain Resource Recycling,,,,,,
759251,EPACKPEB,EPack Prefab Technologies,,,,,,
759265,TATACAP,Tata Capital,,,,,,
759291,BLUESTONE,BlueStone Jewellery & Lifestyle,,,,,,
759311,CRAMC,Canara Robeco Asset Management Company,,,,,,
759316,RUBICON,Rubicon Research,,,,,,
759342,PACEDIGITK,Pace Digitek,,,,,,
759434,WEWORK,WeWork India Management,,,,,,
759439,PATELRMART,Patel Retail,,,,,,
759448,SHREEJISPG,Shreeji Shipping Global,,,,,,
759551,PIRAMALFIN,Piramal Finance,,,,,,
759605,LENSKART,Lenskart Solutions,,,,,,
759728,EMMVEE,Emmvee Photovoltaic Power,,,,,,
759782,TMCV,Tata Motors,,,,,,
759797,EUROPRATIK,Euro Pratik Sales,,,,,,
759806,GROWW,Groww,,,,,,
759876,UTLSOLAR,Fujiyama Power Systems,,,,,,
759880,TENNIND,Tenneco Clean Air,,,,,,
759934,STYL,Seshaasai Technologies,,,,,,
759956,ARSSBL,Anand Rathi Share & Stock Brokers,,,,,,
760,CGPOWER,CG Power & Industrial Solutions,,,,,,
760039,SUDEEPPHRM,Sudeep Pharma,,,,,,
760183,CLEANMAX,Clean Max Enviro Energy Solutions,,,,,,
760213,LGEINDIA,LG Electronics,CONSUMER DURABLES,CONSUMER ELECTRONICS,,,,
760234,AEQUS,Aequs,,,,,,
7603,CMSINFO,CMS Info Systems,,,,,,
760346,NEPHROPLUS,Nephrocare Health Services,,,,,,
760351,PARKHOSPS,Park Medi World,,,,,,
760407,ICICIAMC,ICICI Prudential Asset Management,,,,,,
760433,KSHINTL,KSH International,,,,,,
760740,AMAGI,Amagi Media Labs,,,,,,
760865,OMNI,Omnitech Engineering,,,,,,
760961,FRACTAL,Fractal Analytics,,,,,,
761153,SEDEMAC,SEDEMAC Mechatronics,,,,,,
761192,KRISHNADEF,Krishna Defence & Allied Industries,,,,,,
761469,SHADOWFAX,Shadowfax Technologies,,,,,,
761581,CMPDI,Central Mine P & D Institute,,,,,,
761675,SAIPARENT,Sai Parenteral's,,,,,,
761680,POWERICA,Powerica,,,,,,
762239,GSPCROP,GSP Crop Science,,,,,,
762548,ASHIKA,Ashika Credit Capital,,,,,,
762889,SEIL,Shanti Educational Initiatives,,,,,,
762954,TIMEX,Timex Group,,,,,,
763294,KISSHT,OnEMI Technology Solutions,,,,,,
772,DABUR,Dabur India,FMCG,PERSONAL CARE / HEALTHCARE,,,,
7851,RAMCOSYS,Ramco Systems,,,,,,
7862,GVPIL,GE Power,,,,,,
7929,ZYDUSLIFE,Zydus Life Science,PHARMA,PHARMACEUTICALS,,,,
7936,AVANTIFEED,Avanti Feeds,,,,,,
8050,MAHLIFE,Mahindra Lifespaces Developers,,,,,,
8054,KTKBANK,Karnataka Bank,,,,,,
8075,DALBHARAT,Dalmia Bharat,CEMENT,CEMENT,,,,
8124,AJANTPHARM,Ajanta Pharma,PHARMA,PHARMACEUTICALS,,,,
8167,MANYAVAR,Vedant Fashions,,,,,,
8311,BLUESTARCO,Blue Star,CONSUMER DURABLES,AIR CONDITIONING / COOLING,,,,
8479,TVSMOTOR,TVS Motors,AUTO,TWO WHEELERS,,,,
8585,NLCINDIA,NLC India,,,,,,
8727,SHAILY,Shaily Engineering Plastics,,,,,,
881,DRREDDY,Dr Reddys Laboratories,PHARMA,PHARMACEUTICALS,,,,
8840,USHAMART,Usha Martin,,,,,,
8866,CHOICEIN,Choice International,,,,,,
8937,E2E,E2E Networks,,,,,,
8968,HARIOMPIPE,Hariom Pipe Industries,,,,,,
9087,PIXTRANS,Pix Transmissions,,,,,,
910,EICHERMOT,Eicher Motors,AUTO,TWO WHEELERS,,,,
9111,ARVINDFASN,Arvind Fashions,,,,,,
9117,TIPSMUSIC,Tips Music,MEDIA & ENTERTAINMENT,MUSIC,,,,
916,EIDPARRY,EID Parry,,,,,,
9356,MSTCLTD,MSTC,,,,,,
9362,CAMPUS,Campus Activewear,,,,,,
937,ELGIEQUIP,Elgi Equipments,,,,,,
9385,PNCINFRA,PNC Infratech,,,,,,
9428,SKIPPER,Skipper,,,,,,
9436,AXISCADES,Axiscades Engineering Technologies,,,,,,
9480,LICI,LIC of India,FINANCIAL SERVICES,LIFE INSURANCE,,,,
9552,RVNL,Rail Vikas Nigam,,,,,,
9581,METROPOLIS,Metropolis Healthcare,,,,,,
9590,POLYCAB,Polycab,,,,,,
9592,VENUSPIPES,Venus Pipes & Tubes,,,,,,
9599,DELHIVERY,Delhivery,,,,,,
9668,HIKAL,Hikal,,,,,,
9678,SOUTHWEST,South West Pinnacle,,,,,,
9683,KPITTECH,KPIT Technologies,IT,IT SERVICES - AUTOMOTIVE ENGINEERING,,,,
981,EPL,EPL,,,,,,
9810,AETHER,Aether Industries,,,,,,
9819,HAVELLS,Havells,CONSUMER DURABLES,CONSUMER ELECTRICALS,,,,
9917,NEOGEN,Neogen Chemicals,,,,,,
993,EVERESTIND,Everest Industries,,,,,,
