SecurityID,DhanSymbol,MasterSymbol,CompanyName,Sector,Industry,MatchType
100,ARE&M,,AMARA RAJA ENERGY & MOBILITY,,,UNMATCHED
10099,GODREJCP,GODREJCP,GODREJ CONSUMER PRODUCTS,FMCG,PERSONAL CARE / HOME CARE,EXACT
10217,ADANIENSOL,,ADANI ENERGY SOLUTIONS,,,UNMATCHED
1023,FEDERALBNK,FEDERALBNK,FEDERAL BANK,BANKING,PRIVATE BANK,EXACT
10243,SYNGENE,SYNGENE,SYNGENE INTERNATIONAL,PHARMA,CRDMO / CONTRACT RESEARCH,EXACT
1038,FINCABLES,,FINOLEX CABLES,,,UNMATCHED
10417,DYCL,,DYNAMIC CABLES,,,UNMATCHED
10447,UNITDSPR,UNITDSPR,UNITED SPIRITS,FMCG,ALCOHOLIC BEVERAGES,EXACT
10453,SATIN,,SATIN CREDITCARE,,,UNMATCHED
10485,RAMRAT,,RAM RATNA WIRES,,,UNMATCHED
10577,KRBL,,KRBL,,,UNMATCHED
10579,MARKSANS,,MARKSANS PHARMA,,,UNMATCHED
10599,GUJGASLTD,,GUJARAT GAS,,,UNMATCHED
10604,BHARTIARTL,,BHARTI AIRTEL,,,UNMATCHED
10637,OLECTRA,,OLECTRA GREENTECH,,,UNMATCHED
10738,OFSS,OFSS,ORACLE FINANCIAL SERVICES SOFTWARE,IT,SOFTWARE PRODUCTS,EXACT
1076,ZENSARTECH,ZENSARTECH,ZENSAR TECHNOLOGIES,IT,IT SERVICES,EXACT
10793,SYRMA,,SYRMA SGS,,,UNMATCHED
1085,GABRIEL,,GABRIEL,,,UNMATCHED
10905,GENESYS,,GENESYS INTERNATIONAL CORP,,,UNMATCHED
10999,MARUTI,MARUTI,MARUTI SUZUKI,AUTO,PASSENGER VEHICLES,EXACT
11050,SIRCA,,SIRCA PAINTS,,,UNMATCHED
11162,HARSHA,,HARSHA ENGINEERS,,,UNMATCHED
11195,INDIGO,,INTERGLOBE AVIATION,,,UNMATCHED
11233,SUVEN,,SUVEN LIFE SCIENCES,,,UNMATCHED
11265,TVSELECT,,TVS ELECTRONICS,,,UNMATCHED
11271,DREDGECORP,,DREDGING CORPORATION OF INDIA,,,UNMATCHED
11287,UPL,UPL,UPL,CHEMICALS,AGROCHEMICALS,EXACT
1134,APOLLO,,APOLLO MICRO SYSTEMS,,,UNMATCHED
11351,PETRONET,PETRONET,PETRONET LNG,OIL & GAS,LNG TERMINAL / IMPORT,EXACT
11364,VAIBHAVGBL,,VAIBHAV GLOBAL,,,UNMATCHED
11373,BIOCON,BIOCON,BIOCON,PHARMA,BIOTECHNOLOGY,EXACT
11403,POONAWALLA,,POONAWALLA FINCORP,,,UNMATCHED
11411,RKFORGE,,RAMKRISHNA FORGINGS,,,UNMATCHED
11435,SPANDANA,,SPANDANA SPHOORTY FINANCIAL,,,UNMATCHED
11483,LT,,LARSEN & TOUBRO,,,UNMATCHED
11532,ULTRACEMCO,ULTRACEMCO,ULTRATECH CEMENT,CEMENT,CEMENT,EXACT
11536,TCS,TCS,TATA CONSULTANCY SERVICES,IT,IT SERVICES,EXACT
11543,COFORGE,COFORGE,COFORGE,IT,IT SERVICES,EXACT
11573,FORCEMOT,,FORCE MOTORS,,,UNMATCHED
11596,LINCOLN,,LINCOLN PHARMACEUTICALS,,,UNMATCHED
11618,ASTRAMICRO,,ASTRA MICROWAVE PRODUCTS,,,UNMATCHED
11630,NTPC,,NTPC,,,UNMATCHED
1164,NEWGEN,,NEWGEN SOFTWARE TECHNOLOGIES,,,UNMATCHED
11655,JBMA,,JBM AUTO,,,UNMATCHED
11723,JSWSTEEL,JSWSTEEL,JSW STEEL,METAL,STEEL,EXACT
1174,GNFC,,GUJARAT NARMADA VALLEY FERT & CHEM,,,UNMATCHED
11778,GOKEX,,GOKALDAS EXPORTS,,,UNMATCHED
11809,IIFL,,IIFL FINANCE,,,UNMATCHED
1181,GODFRYPHLP,,GODFREY PHILLIPS,,,UNMATCHED
11821,WELCORP,WELCORP,WELSPUN CORP,METAL,STEEL PIPES,EXACT
1186,GLAND,GLAND,GLAND PHARMA,PHARMA,PHARMACEUTICALS - INJECTABLES,EXACT
11872,GRANULES,GRANULES,GRANULES,PHARMA,PHARMACEUTICALS / APIS,EXACT
11884,MANINDS,,MAN INDUSTRIES,,,UNMATCHED
11905,GENUSPOWER,,GENUS POWER INFRASTRUCTURES,,,UNMATCHED
1196,KANSAINER,,KANSAI NEROLAC PAINTS,,,UNMATCHED
11971,GOLDIAM,,GOLDIAM INTERNATIONAL,,,UNMATCHED
11987,ICIL,,INDO COUNT INDUSTRIES,,,UNMATCHED
12032,FIVESTAR,,FIVE STAR BUSINESS FINANCE,,,UNMATCHED
12092,KAYNES,,KAYNES TECHNOLOGY INDIA,,,UNMATCHED
1235,GREAVESCOT,,GREAVES COTTON,,,UNMATCHED
12489,SWSOLAR,,STERLING & WILSON RENEWABLE ENERGY,,,UNMATCHED
1270,AMBUJACEM,AMBUJACEM,AMBUJA CEMENTS,CEMENT,CEMENT,EXACT
12847,KRISHANA,,KRISHANA PHOSCHEM,,,UNMATCHED
13061,360ONE,360ONE,360 ONE WAM,FINANCIAL SERVICES,WEALTH MANAGEMENT,EXACT
13101,VIMTALABS,,VIMTA LABS,,,UNMATCHED
13147,PVRINOX,PVRINOX,PVR INOX,MEDIA & ENTERTAINMENT,MULTIPLEX / CINEMA,EXACT
13260,KEC,,KEC INTERNATIONAL,,,UNMATCHED
1328,MARINE,,MARINE ELECTRICALS,,,UNMATCHED
13285,M&MFIN,,M&M FINANCIAL SERVICES,,,UNMATCHED
13310,KEI,,KEI INDUSTRIES,,,UNMATCHED
1333,HDFCBANK,HDFCBANK,HDFC BANK,BANKING,PRIVATE BANK,EXACT
13359,KFINTECH,KFINTECH,KFIN TECHNOLOGIES,FINANCIAL SERVICES,CAPITAL MARKETS - RTA SERVICES,EXACT
1336,HEG,,HEG,,,UNMATCHED
13409,GPIL,,GODAWARI POWER & ISPAT,,,UNMATCHED
1348,HEROMOTOCO,HEROMOTOCO,HERO MOTOCORP,AUTO,TWO WHEELERS,EXACT
13491,JKLAKSHMI,JKLAKSHMI,JK LAKSHMI CEMENT,CEMENT,CEMENT,EXACT
13517,EMAMILTD,EMAMILTD,EMAMI,FMCG,PERSONAL CARE,EXACT
13538,TECHM,TECHM,TECH MAHINDRA,IT,IT SERVICES,EXACT
13611,IRCTC,,IRCTC,,,UNMATCHED
13620,ANANTRAJ,ANANTRAJ,ANANT RAJ,REALTY,REAL ESTATE,EXACT
1363,HINDALCO,HINDALCO,HINDALCO INDUSTRIES,METAL,ALUMINIUM & COPPER,EXACT
13631,SKYGOLD,,SKY GOLD AND DIAMONDS,,,UNMATCHED
13648,TALBROAUTO,,TALBROS AUTOMOTIVE COMPONENTS,,,UNMATCHED
13751,NAUKRI,,INFO EDGE,,,UNMATCHED
13776,GESHIP,,GREAT EASTERN SHIPPING COMPANY,,,UNMATCHED
13816,LTFOODS,,LT FOODS,,,UNMATCHED
13868,AARTIPHARM,,AARTI PHARMA LABS,,,UNMATCHED
1394,HINDUNILVR,HINDUNILVR,HINDUSTAN UNILEVER,FMCG,DIVERSIFIED FMCG,EXACT
13966,HBLENGINE,,HBL ENGINEERING,,,UNMATCHED
13976,TANLA,,TANLA PLATFORMS,,,UNMATCHED
13982,JASH,,JASH ENGINEERING,,,UNMATCHED
14014,LUMAXTECH,,LUMAX AUTO TECHNOLOGIES,,,UNMATCHED
1406,HINDPETRO,HINDPETRO,HINDUSTAN PETROLEUM,OIL & GAS,REFINING & MARKETING - PSU,EXACT
14096,SIYSIL,,SIYARAM SILK MILLS,,,UNMATCHED
14154,UNOMINDA,UNOMINDA,UNO MINDA,AUTO,AUTO ANCILLARIES,EXACT
14203,HUBTOWN,,HUBTOWN,,,UNMATCHED
1424,HINDZINC,HINDZINC,HINDUSTAN ZINC,METAL,ZINC & SILVER MINING,EXACT
14255,REDINGTON,,REDINGTON,,,UNMATCHED
14260,PGIL,,PEARL GLOBAL INDUSTRIES,,,UNMATCHED
14296,VIYASH,,VIYASH SCIENTIFIC,,,UNMATCHED
14299,PFC,PFC,POWER FINANCE CORPORATION,FINANCIAL SERVICES,NBFC - PSU,EXACT
14304,FSL,,FIRSTSOURCE SOLUTIONS,,,UNMATCHED
14309,INDIANB,INDIANB,INDIAN BANK,BANKING,PSU BANK,EXACT
14334,HSCL,HSCL,HIMADRI SPECIALITY CHEMICAL,CHEMICALS,SPECIALTY CHEMICALS / CARBON MATERIALS,EXACT
14418,ASTRAL,,ASTRAL,,,UNMATCHED
14435,JKTYRE,,JK TYRE & INDUSTRIES,,,UNMATCHED
14552,PHOENIXLTD,PHOENIXLTD,PHOENIX MILLS,REALTY,REAL ESTATE - RETAIL/MALLS,EXACT
14592,FORTIS,FORTIS,FORTIS HEALTHCARE,HEALTHCARE SERVICES,HOSPITALS,EXACT
14732,DLF,DLF,DLF,REALTY,REAL ESTATE,EXACT
14766,V2RETAIL,,V2 RETAIL,,,UNMATCHED
14788,SPARC,,SUN PHARMA ADVANCED RESEARCH CO,,,UNMATCHED
14912,KPRMILL,,KPR MILL,,,UNMATCHED
14947,MOTILALOFS,,MOTILAL OSWAL FINANCIAL SERVICES,,,UNMATCHED
14966,CSBBANK,,CSB BANK,,,UNMATCHED
14977,POWERGRID,,POWER GRID CORPORATION OF INDIA,,,UNMATCHED
15058,AVALON,,AVALON TECHNOLOGIES,,,UNMATCHED
15068,RELIGARE,,RELIGARE ENTERPRISES,,,UNMATCHED
1508,ASTERDM,ASTERDM,ASTER DM HEALTHCARE,HEALTHCARE SERVICES,HOSPITALS,EXACT
15083,ADANIPORTS,,ADANI PORTS & SEZ,,,UNMATCHED
1512,INDHOTEL,,INDIAN HOTELS COMPANY,,,UNMATCHED
15141,COLPAL,COLPAL,COLGATE PALMOLIVE,FMCG,PERSONAL CARE,EXACT
15146,JYOTHYLAB,,JYOTHY LABORATORIES,,,UNMATCHED
1515,INDIACEM,INDIACEM,INDIA CEMENTS,CEMENT,CEMENT,EXACT
15174,TARIL,,TRANSFORMERS & RECTIFIERS,,,UNMATCHED
15180,KIRLPNU,,KIRLOSKAR PNEUMATIC COMPANY,,,UNMATCHED
15184,BRIGADE,BRIGADE,BRIGADE ENTERPRISES,REALTY,REAL ESTATE,EXACT
1530,INDIANHUME,,INDIAN HUME PIPE,,,UNMATCHED
15355,RECLTD,RECLTD,REC,FINANCIAL SERVICES,NBFC - PSU,EXACT
15414,TITAGARH,,TITAGARH RAIL SYSTEMS,,,UNMATCHED
1594,INFY,INFY,INFOSYS,IT,IT SERVICES,EXACT
16045,PRINCEPIPE,,PRINCE PIPES & FITTINGS,,,UNMATCHED
1621,TATAINVEST,,TATA INVESTMENT CORPORATION,,,UNMATCHED
163,APOLLOTYRE,,APOLLO TYRES,,,UNMATCHED
1630,IONEXCHANG,,ION EXCHANGE,,,UNMATCHED
1660,ITC,ITC,ITC,FMCG,DIVERSIFIED FMCG,EXACT
16669,BAJAJ-AUTO,BAJAJ-AUTO,BAJAJ AUTO,AUTO,TWO/THREE WHEELERS,EXACT
16675,BAJAJFINSV,BAJAJFINSV,BAJAJ FINSERV,FINANCIAL SERVICES,DIVERSIFIED FINANCIAL SERVICES,EXACT
1675,ITI,,ITI,,,UNMATCHED
16783,GVT&D,,GE VERNOVA T&D,,,UNMATCHED
16921,20MICRONS,,20 MICRONS,,,UNMATCHED
17029,PATANJALI,PATANJALI,PATANJALI FOODS,FMCG,EDIBLE OILS / PACKAGED FOODS,EXACT
17032,THYROCARE,,THYROCARE TECHNOLOGIES,,,UNMATCHED
17094,CROMPTON,CROMPTON,CROMPTON GREAVES,CONSUMER DURABLES,CONSUMER ELECTRICALS,EXACT
17105,SUMICHEM,SUMICHEM,SUMITOMO CHEMICAL,CHEMICALS,AGROCHEMICALS,EXACT
17130,PARAGMILK,,PARAG MILK FOODS,,,UNMATCHED
17279,BLS,,BLS INTERNATIONAL SERVICES,,,UNMATCHED
17313,LLOYDSME,LLOYDSME,LLOYDS METALS & ENERGY,METAL,IRON ORE MINING,EXACT
17388,ADANIPOWER,,ADANI POWER,,,UNMATCHED
17397,PREMEXPLN,,PREMIER EXPLOSIVES,,,UNMATCHED
17433,NETWEB,,NETWEB TECHNOLOGIES,,,UNMATCHED
17438,OIL,OIL,OIL INDIA,OIL & GAS,OIL EXPLORATION & PRODUCTION - PSU,EXACT
17635,ZYDUSWELL,,ZYDUS WELLNESS,,,UNMATCHED
17651,POKARNA,,POKARNA,,,UNMATCHED
17752,SHILPAMED,,SHILPA MEDICARE,,,UNMATCHED
17758,SARDAEN,,SARDA ENERGY & MINERALS,,,UNMATCHED
17764,REFEX,,REFEX INDUSTRIES,,,UNMATCHED
17851,DLINKINDIA,,D-LINK,,,UNMATCHED
17869,JSWENERGY,,JSW ENERGY,,,UNMATCHED
17875,GODREJPROP,GODREJPROP,GODREJ PROPERTIES,REALTY,REAL ESTATE,EXACT
17939,HINDCOPPER,HINDCOPPER,HINDUSTAN COPPER,METAL,COPPER - PSU,EXACT
17945,COHANCE,COHANCE,COHANCE LIFESCIENCES,PHARMA,CDMO / SPECIALTY PHARMA INGREDIENTS,EXACT
17963,NESTLEIND,NESTLEIND,NESTLE,FMCG,PACKAGED FOODS,EXACT
17971,SBICARD,SBICARD,SBI CARDS,FINANCIAL SERVICES,NBFC - CREDIT CARDS,EXACT
18011,WHIRLPOOL,WHIRLPOOL,WHIRLPOOL,CONSUMER DURABLES,HOME APPLIANCES,EXACT
1808,KAJARIACER,KAJARIACER,KAJARIA CERAMICS,CONSUMER DURABLES,CERAMICS / TILES,EXACT
18096,JUBLFOOD,,JUBILANT FOODWORKS,,,UNMATCHED
18143,JIOFIN,JIOFIN,JIO FINANCIAL SERVICES,FINANCIAL SERVICES,NBFC,EXACT
18252,SPAL,,SP APPARELS,,,UNMATCHED
18268,AEROFLEX,,AEROFLEX INDUSTRIES,,,UNMATCHED
18359,SANDUMA,,SANDUR MANGANESE & IRON ORES,,,UNMATCHED
18365,PERSISTENT,PERSISTENT,PERSISTENT SYSTEMS,IT,IT SERVICES,EXACT
1838,KARURVYSYA,,KARUR VYSYA BANK,,,UNMATCHED
18391,RBLBANK,RBLBANK,RBL BANK,BANKING,PRIVATE BANK,EXACT
18543,DIACABS,,DIAMOND POWER INFRASTRUCTURE,,,UNMATCHED
18566,RRKABEL,,RR KABEL,,,UNMATCHED
18571,GNA,,GNA AXLES,,,UNMATCHED
18593,EMSLIMITED,,EMS,,,UNMATCHED
18608,ZAGGLE,,ZAGGLE PREPAID OCEAN SERVICES,,,UNMATCHED
18652,ICICIPRULI,ICICIPRULI,ICICI PRUDENTIAL LIFE INSURANCE,FINANCIAL SERVICES,LIFE INSURANCE,EXACT
18721,NUVAMA,,NUVAMA WEALTH MANAGEMENT,,,UNMATCHED
18743,SIGNATURE,,SIGNATUREGLOBAL,,,UNMATCHED
18822,ENDURANCE,,ENDURANCE TECHNOLOGIES,,,UNMATCHED
18908,PNBHOUSING,PNBHOUSING,PNB HOUSING FINANCE,FINANCIAL SERVICES,HOUSING FINANCE,EXACT
18921,VBL,VBL,VARUN BEVERAGES,FMCG,BEVERAGES,EXACT
1901,CUMMINSIND,,CUMMINS,,,UNMATCHED
19020,JSWINFRA,,JSW INFRASTRUCTURE,,,UNMATCHED
19061,MANAPPURAM,MANAPPURAM,MANAPPURAM FINANCE,FINANCIAL SERVICES,NBFC - GOLD LOAN,EXACT
1922,KOTAKBANK,KOTAKBANK,KOTAK BANK,BANKING,PRIVATE BANK,EXACT
19223,TCIEXP,,TCI EXPRESS,,,UNMATCHED
19234,LAURUSLABS,LAURUSLABS,LAURUS LABS,PHARMA,PHARMACEUTICALS / APIS,EXACT
19265,BLISSGVS,,BLISS GVS PHARMA,,,UNMATCHED
193,ARVIND,,ARVIND,,,UNMATCHED
19401,BOROLTD,,BOROSIL,,,UNMATCHED
19531,BAJAJCON,,BAJAJ CONSUMER CARE,,,UNMATCHED
19585,BSE,BSE,BSE,FINANCIAL SERVICES,CAPITAL MARKETS,EXACT
19631,PRICOLLTD,,PRICOL,,,UNMATCHED
1964,TRENT,,TRENT,,,UNMATCHED
19686,BLUEJET,BLUEJET,BLUE JET HEALTHCARE,PHARMA,SPECIALTY PHARMA INGREDIENTS,EXACT
19813,HONASA,,MAMAEARTH,,,UNMATCHED
1994,LIBERTSHOE,,LIBERTY SHOES,,,UNMATCHED
1997,LICHSGFIN,LICHSGFIN,LIC HOUSING FINANCE,FINANCIAL SERVICES,HOUSING FINANCE,EXACT
20152,ASKAUTOLTD,,ASK AUTOMOTIVE,,,UNMATCHED
20188,WABAG,,VA TECH WABAG,,,UNMATCHED
20224,JWL,,JUPITER WAGONS,,,UNMATCHED
20242,OBEROIRLTY,OBEROIRLTY,OBEROI REALTY,REALTY,REAL ESTATE,EXACT
20293,TATATECH,TATATECH,TATA TECHNOLOGIES,IT,IT SERVICES - ENGINEERING,EXACT
203,ASHAPURMIN,,ASHAPURA MINECHEM,,,UNMATCHED
20302,PRESTIGE,PRESTIGE,PRESTIGE ESTATES PROJECTS,REALTY,REAL ESTATE,EXACT
2031,M&M,M&M,MAHINDRA & MAHINDRA,AUTO,PASSENGER VEHICLES/UV,EXACT
20329,CGCL,,CAPRI GLOBAL CAPITAL,,,UNMATCHED
20374,COALINDIA,,COAL INDIA,,,UNMATCHED
20425,NACLIND,,NACL INDUSTRIES,,,UNMATCHED
2043,RAMCOCEM,RAMCOCEM,RAMCO CEMENTS,CEMENT,CEMENT,EXACT
2049,CHENNPETRO,CHENNPETRO,CHENNAI PETROLEUM CORPORATION,OIL & GAS,REFINERIES,EXACT
20607,INOXINDIA,,INOX INDIA,,,UNMATCHED
2073,VTL,,VARDHMAN TEXTILES,,,UNMATCHED
20825,HUDCO,HUDCO,HUDCO,FINANCIAL SERVICES,NBFC - PSU HOUSING,EXACT
20830,MOIL,,MOIL,,,UNMATCHED
20831,MUTHOOTMF,,MUTHOOT MICROFIN,,,UNMATCHED
20905,AZAD,,AZAD ENGINEERING,,,UNMATCHED
20936,KIRLOSENG,,KIRLOSKAR OIL ENGINES,,,UNMATCHED
2106,MANGLMCEM,,MANGALAM CEMENT,,,UNMATCHED
21091,STARCEMENT,STARCEMENT,STAR CEMENT,CEMENT,CEMENT,EXACT
21131,TEJASNET,,TEJAS NETWORKS,,,UNMATCHED
21174,CDSL,CDSL,CDSL,FINANCIAL SERVICES,CAPITAL MARKETS - DEPOSITORY,EXACT
21238,AUBANK,AUBANK,AU SMALL FINANCE BANK,BANKING,SMALL FINANCE BANK,EXACT
21334,JYOTICNC,,JYOTI CNC AUTOMATION,,,UNMATCHED
2142,MFSL,MFSL,MAX FINANCIAL SERVICES,FINANCIAL SERVICES,LIFE INSURANCE,EXACT
2144,BDL,,BHARAT DYNAMICS,,,UNMATCHED
21469,OPTIEMUS,,OPTIEMUS INFRACOM,,,UNMATCHED
21501,SIS,,SIS,,,UNMATCHED
21508,COCHINSHIP,,COCHIN SHIPYARD,,,UNMATCHED
21614,ABCAPITAL,ABCAPITAL,ADITYA BIRLA CAPITAL,FINANCIAL SERVICES,DIVERSIFIED NBFC,EXACT
21690,DIXON,DIXON,DIXON TECHNOLOGIES,CONSUMER DURABLES,ELECTRONICS CONTRACT MANUFACTURING,EXACT
21749,CAPACITE,,CAPACITE INFRAPROJECTS,,,UNMATCHED
21808,SBILIFE,SBILIFE,SBI LIFE INSURANCE,FINANCIAL SERVICES,LIFE INSURANCE,EXACT
21951,HFCL,HFCL,HFCL,TELECOM,TELECOM EQUIPMENT,EXACT
22377,MAXHEALTH,MAXHEALTH,MAX HEALTHCARE INSTITUTE,HEALTHCARE SERVICES,HOSPITALS,EXACT
22463,EPACK,,EPACK DURABLE,,,UNMATCHED
2263,BANDHANBNK,BANDHANBNK,BANDHAN BANK,BANKING,PRIVATE BANK,EXACT
22670,RPTECH,,RASHI PERIPHERALS,,,UNMATCHED
2303,HAL,,HINDUSTAN AERONAUTICS,,,UNMATCHED
23553,AIIL,,AUTHUM INV & INFR,,,UNMATCHED
236,ASIANPAINT,,ASIAN PAINTS,,,UNMATCHED
23607,BALUFORGE,,BALU FORGE INDUSTRIES,,,UNMATCHED
23621,JNKINDIA,,JNK INDIA,,,UNMATCHED
23650,MUTHOOTFIN,MUTHOOTFIN,MUTHOOT FINANCE,FINANCIAL SERVICES,NBFC - GOLD LOAN,EXACT
23729,AADHARHFC,,AADHAR HOUSING FINANCE,,,UNMATCHED
2397,SANDHAR,,SANDHAR TECHNOLOGIES,,,UNMATCHED
24184,PIIND,PIIND,PI INDUSTRIES,CHEMICALS,AGROCHEMICALS,EXACT
24225,RELAXO,,RELAXO FOOTWEARS,,,UNMATCHED
2431,RAILTEL,,RAILTEL CORPORATION OF INDIA,,,UNMATCHED
24398,EMCURE,EMCURE,EMCURE PHARMACEUTICALS,PHARMA,PHARMACEUTICALS,EXACT
24445,AGIIL,,AGI INFRA,,,UNMATCHED
2463,MIDHANI,,MISHRA DHATU NIGAM,,,UNMATCHED
24742,CEIGALL,,CEIGALL INDIA,,,UNMATCHED
2475,ONGC,ONGC,OIL & NATURAL GAS CORPORATION,OIL & GAS,OIL EXPLORATION & PRODUCTION - PSU,EXACT
2481,ONWARDTEC,,ONWARD TECHNOLOGIES,,,UNMATCHED
24814,FIRSTCRY,,FIRSTCRY (BRAINBEES SOLUTIONS),,,UNMATCHED
24823,MANCREDIT,,MANGAL CREDIT & FINCORP,,,UNMATCHED
24948,LTF,LTF,L&T FINANCE,FINANCIAL SERVICES,NBFC,EXACT
25,ADANIENT,ADANIENT,ADANI ENTERPRISES,METAL,DIVERSIFIED / METALS-MINING,EXACT
25049,PREMIERENE,,PREMIER ENERGIES,,,UNMATCHED
25162,EUREKAFORB,,EUREKA FORBES,,,UNMATCHED
25178,TDPOWERSYS,,TD POWER SYSTEMS,,,UNMATCHED
25358,PGEL,PGEL,PG ELECTROPLAST,CONSUMER DURABLES,ELECTRONICS CONTRACT MANUFACTURING,EXACT
25392,PANAMAPET,,PANAMA PETROCHEM,,,UNMATCHED
25426,NORTHARC,,NORTHERN ARC CAPITAL,,,UNMATCHED
25574,SHAKTIPUMP,,SHAKTI PUMPS,,,UNMATCHED
25584,TRITURBINE,,TRIVENI TURBINES,,,UNMATCHED
25608,INDOTHAI,,INDO THAI SECURITIES,,,UNMATCHED
25780,APLAPOLLO,APLAPOLLO,APL APOLLO TUBES,METAL,STEEL PIPES & TUBES,EXACT
25844,HYUNDAI,,HYUNDAI MOTOR INDIA,,,UNMATCHED
25897,MINDACORP,,MINDA CORPORATION,,,UNMATCHED
25907,WAAREEENER,,WAAREE ENERGIES,,,UNMATCHED
25977,AFCONS,,AFCONS INFRASTRUCTURE,,,UNMATCHED
25984,AVL,,ADITYA VISION,,,UNMATCHED
2649,PCBL,PCBL,PCBL CHEMICAL,CHEMICALS,CARBON BLACK,EXACT
2664,PIDILITIND,PIDILITIND,PIDILITE INDUSTRIES,CHEMICALS,SPECIALTY CHEMICALS / ADHESIVES,EXACT
2687,POLYPLEX,,POLYPLEX CORPORATION,,,UNMATCHED
2705,PRAJIND,,PRAJ INDUSTRIES,,,UNMATCHED
27061,ACMESOLAR,,ACME SOLAR HOLDINGS,,,UNMATCHED
27066,SWIGGY,,SWIGGY,,,UNMATCHED
27095,SWANCORP,SWANCORP,SWAN CORP,CHEMICALS,CHEMICALS,EXACT
2717,PRECWIRE,,PRECISION WIRES INDIA,,,UNMATCHED
27213,EIEL,,ENVIRO INFRA ENGINEERS,,,UNMATCHED
275,AUROPHARMA,AUROPHARMA,AUROBINDO PHARMA,PHARMA,PHARMACEUTICALS,EXACT
277,GICRE,,GIC OF INDIA,,,UNMATCHED
27839,SAILIFE,SAILIFE,SAI LIFE SCIENCES,PHARMA,CRDMO,EXACT
2816,RALLIS,,RALLIS,,,UNMATCHED
2859,RAYMOND,,RAYMOND,,,UNMATCHED
28714,TRANSRAILL,,TRANSRAIL LIGHTING,,,UNMATCHED
28764,CEWATER,,CONCORD ENVIRO SYSTEMS,,,UNMATCHED
2885,RELIANCE,RELIANCE,RELIANCE INDUSTRIES,OIL & GAS,REFINING & PETROCHEMICALS (DIVERSIFIED),EXACT
28888,SENORES,,SENORES PHARMACEUTICALS,,,UNMATCHED
29075,SETL,,STANDARD ENGINEERING TECHNOLOGY,,,UNMATCHED
29087,QUADFUTURE,,QUADRANT FUTURE TEK,,,UNMATCHED
29135,INDUSTOWER,INDUSTOWER,INDUS TOWERS,TELECOM,TELECOM INFRASTRUCTURE / TOWERS,EXACT
29256,DENTA,,DENTA WATER AND INFRA SOLUTIONS,,,UNMATCHED
29459,MOSCHIP,,MOSCHIP TECHNOLOGIES,,,UNMATCHED
29472,PROTEAN,,PROTEAN E-GOV TECHNOLOGIES,,,UNMATCHED
2955,KALYANKJIL,KALYANKJIL,KALYAN JEWELLERS,CONSUMER DURABLES,JEWELLERY,EXACT
29666,HEXT,HEXT,HEXAWARE TECHNOLOGIES,IT,IT SERVICES,EXACT
29678,BAJAJINDEF,,INDEF MANUFACTURING,,,UNMATCHED
2987,NAZARA,NAZARA,NAZARA TECHNOLOGIES,MEDIA & ENTERTAINMENT,GAMING,EXACT
3024,JINDALSAW,,JINDAL SAW,,,UNMATCHED
3045,SBIN,SBIN,STATE BANK OF INDIA,BANKING,PSU BANK,EXACT
3048,SCI,,SHIPPING CORPORATION OF INDIA,,,UNMATCHED
3063,VEDL,VEDL,VEDANTA,METAL,DIVERSIFIED METALS & MINING,EXACT
30893,CMRGREEN,,CMR GREEN TECHNOLOGIES,,,UNMATCHED
31181,MCX,MCX,MCX,FINANCIAL SERVICES,CAPITAL MARKETS / EXCHANGE,EXACT
31234,SCHNEIDER,,SCHNEIDER ELECTRIC INFRA,,,UNMATCHED
3149,BORORENEW,,BOROSIL RENEWABLES,,,UNMATCHED
3150,SIEMENS,,SIEMENS,,,UNMATCHED
317,BAJFINANCE,BAJFINANCE,BAJAJ FINANCE,FINANCIAL SERVICES,NBFC,EXACT
3220,LODHA,LODHA,LODHA DEVELOPERS,REALTY,REAL ESTATE,EXACT
324,ANGELONE,ANGELONE,ANGEL ONE,FINANCIAL SERVICES,CAPITAL MARKETS - BROKING,EXACT
3275,TEMBO,,TEMBO GLOBAL INDUSTRIES,,,UNMATCHED
3324,SUBROS,,SUBROS,,,UNMATCHED
3345,SUNDRMFAST,,SUNDRAM FASTENERS,,,UNMATCHED
3351,SUNPHARMA,SUNPHARMA,SUN PHARMACEUTICAL,PHARMA,PHARMACEUTICALS,EXACT
3363,SUPREMEIND,,SUPREME INDUSTRIES,,,UNMATCHED
3375,SURYAROSNI,,SURYA ROSHNI,,,UNMATCHED
3405,TATACHEM,TATACHEM,TATA CHEMICALS,CHEMICALS,CHEMICALS / SODA ASH,EXACT
342,CAMS,CAMS,CAMS,FINANCIAL SERVICES,CAPITAL MARKETS - RTA SERVICES,EXACT
3426,TATAPOWER,,TATA POWER,,,UNMATCHED
3432,TATACONSUM,TATACONSUM,TATA CONSUMER PRODUCTS,FMCG,PACKAGED FOODS / BEVERAGES,EXACT
3435,BBOX,,BLACK BOX,,,UNMATCHED
3456,TMPV,TMPV,TATA MOTORS PASSENGER VEHICLES,AUTO,PASSENGER VEHICLES,EXACT
3506,TITAN,TITAN,TITAN,CONSUMER DURABLES,WATCHES / JEWELLERY,EXACT
3563,ADANIGREEN,,ADANI GREEN ENERGY,,,UNMATCHED
357,NAM-INDIA,,NIPPON LIFE INDIA AMC,,,UNMATCHED
371,BATAINDIA,BATAINDIA,BATA,CONSUMER DURABLES,FOOTWEAR,EXACT
3718,VOLTAS,VOLTAS,VOLTAS,CONSUMER DURABLES,AIR CONDITIONING / COOLING,EXACT
3721,TATACOMM,TATACOMM,TATA COMMUNICATIONS,TELECOM,TELECOM SERVICES,EXACT
3724,VSTIND,,VST INDUSTRIES,,,UNMATCHED
3736,WALCHANNAG,,WALCHANDNAGAR INDUSTRIES,,,UNMATCHED
383,BEL,,BHARAT ELECTRONICS,,,UNMATCHED
3880,SOMANYCERA,,SOMANY CERAMICS,,,UNMATCHED
3918,NATCOPHARM,NATCOPHARM,NATCO PHARMA,PHARMA,PHARMACEUTICALS,EXACT
3987,GREENPLY,,GREENPLY INDUSTRIES,,,UNMATCHED
40,AEGISLOG,AEGISLOG,AEGIS LOGISTICS,OIL & GAS,LPG / OIL STORAGE & LOGISTICS,EXACT
404,BERGEPAINT,,BERGER PAINTS,,,UNMATCHED
4055,PANACEABIO,,PANACEA BIOTEC,,,UNMATCHED
4067,MARICO,MARICO,MARICO,FMCG,PERSONAL CARE,EXACT
422,BHARATFORG,BHARATFORG,BHARAT FORGE,AUTO,AUTO ANCILLARIES,EXACT
4244,HDFCAMC,HDFCAMC,HDFC AMC,FINANCIAL SERVICES,ASSET MANAGEMENT,EXACT
4306,SHRIRAMFIN,SHRIRAMFIN,SHRIRAM FINANCE,FINANCIAL SERVICES,NBFC,EXACT
438,BHEL,,BHARAT HEAVY ELECTRICALS,,,UNMATCHED
4421,CREDITACC,,CREDIT ACCESS GRAMEEN,,,UNMATCHED
4587,RAMCOIND,,RAMCO INDUSTRIES,,,UNMATCHED
4598,HERITGFOOD,,HERITAGE FOODS,,,UNMATCHED
4656,SBCL,,SHIVALIK BIMETAL CONTROLS,,,UNMATCHED
4668,BANKBARODA,BANKBARODA,BANK OF BARODA,BANKING,PSU BANK,EXACT
467,HDFCLIFE,HDFCLIFE,HDFC LIFE INSURANCE,FINANCIAL SERVICES,LIFE INSURANCE,EXACT
4684,SONACOMS,SONACOMS,SONA BLW PRECISION FORGINGS,AUTO,AUTO ANCILLARIES,EXACT
4732,SKMEGGPROD,,SKM EGG PRODUCTS EXPORT,,,UNMATCHED
4749,CONCOR,,CONTAINER CORPORATION OF INDIA,,,UNMATCHED
48,HAPPSTMNDS,,HAPPIEST MINDS TECHNOLOGIES,,,UNMATCHED
4870,INDSWFTLAB,,IND SWIFT LABORATORIES,,,UNMATCHED
4892,SAREGAMA,SAREGAMA,SAREGAMA INDIA,MEDIA & ENTERTAINMENT,MUSIC,EXACT
4898,FDC,,FDC,,,UNMATCHED
4907,ENGINERSIN,,ENGINEERS INDIA,,,UNMATCHED
4963,ICICIBANK,ICICIBANK,ICICI BANK,BANKING,PRIVATE BANK,EXACT
509,MAZDOCK,,MAZAGON DOCK SHIPBUILDERS,,,UNMATCHED
5097,ETERNAL,,ETERNAL,,,UNMATCHED
5108,KPIGREEN,,KPI GREEN ENERGY,,,UNMATCHED
5204,GMDCLTD,,GUJARAT MINERAL DEVELOPMENT CORPORATION,,,UNMATCHED
5258,INDUSINDBK,INDUSINDBK,INDUSIND BANK,BANKING,PRIVATE BANK,EXACT
526,BPCL,BPCL,BHARAT PETROLEUM,OIL & GAS,REFINING & MARKETING - PSU,EXACT
5264,PDSL,,PDS,,,UNMATCHED
5407,CARTRADE,,CARTRADE TECH,,,UNMATCHED
5435,APTUS,,APTUS VALUE HOUSING FINANCE,,,UNMATCHED
5475,GRSE,,GARDEN REACH SHIPBUILDERS,,,UNMATCHED
5585,VIJAYA,VIJAYA,VIJAYA DIAGNOSTIC CENTRE,HEALTHCARE SERVICES,DIAGNOSTICS,EXACT
5701,CUB,,CITY UNION BANK,,,UNMATCHED
5751,SANSERA,,SANSERA ENGINEERING,,,UNMATCHED
5900,AXISBANK,AXISBANK,AXIS BANK,BANKING,PRIVATE BANK,EXACT
5911,PARAS,,PARAS DEFENCE SPACE TECH,,,UNMATCHED
592,GRAPHITE,,GRAPHITE,,,UNMATCHED
6018,ABSLAMC,,ADITYA BIRLA SUN LIFE AMC,,,UNMATCHED
6066,ATGL,ATGL,ADANI TOTAL GAS,OIL & GAS,CITY GAS DISTRIBUTION,EXACT
6364,NATIONALUM,NATIONALUM,NALCO,METAL,ALUMINIUM,EXACT
637,CHAMBLFERT,CHAMBLFERT,CHAMBAL FERTILISERS & CHEMICALS,CHEMICALS,FERTILISERS,EXACT
6545,NYKAA,,NYKAA,,,UNMATCHED
6596,SONATSOFTW,SONATSOFTW,SONATA SOFTWARE,IT,IT SERVICES,EXACT
6656,POLICYBZR,POLICYBZR,PB FINTECH,FINANCIAL SERVICES,INSURANCE / FINANCIAL DISTRIBUTION,EXACT
6705,PAYTM,PAYTM,ONE 97 COMMUNICATIONS,FINANCIAL SERVICES,FINTECH / PAYMENTS,EXACT
6733,JINDALSTEL,,JINDAL STEEL,,,UNMATCHED
676,EXIDEIND,EXIDEIND,EXIDE INDUSTRIES,AUTO,AUTO ANCILLARIES,EXACT
6803,STEELCAS,,STEELCAST,,,UNMATCHED
6818,LATENTVIEW,,LATENT VIEW ANALYTICS,,,UNMATCHED
6848,GREENLAM,,GREENLAM INDUSTRIES,,,UNMATCHED
685,CHOLAFIN,CHOLAFIN,CHOLAMANDALAM INVESTMENT,FINANCIAL SERVICES,NBFC,EXACT
694,CIPLA,CIPLA,CIPLA,PHARMA,PHARMACEUTICALS,EXACT
6964,GOCOLORS,,GO COLORS,,,UNMATCHED
6994,BSOFT,,BIRLASOFT,,,UNMATCHED
7,AARTIIND,AARTIIND,AARTI INDUSTRIES,CHEMICALS,SPECIALTY CHEMICALS,EXACT
7083,STARHEALTH,,STAR HEALTH INSURANCE,,,UNMATCHED
7229,HCLTECH,HCLTECH,HCL TECHNOLOGIES,IT,IT SERVICES,EXACT
7358,DATAPATTNS,,DATA PATTERNS,,,UNMATCHED
7390,SUPRIYA,,SUPRIYA LIFESCIENCE,,,UNMATCHED
7506,WOCKPHARMA,WOCKPHARMA,WOCKHARDT,PHARMA,PHARMACEUTICALS,EXACT
7508,ZENTEC,,ZEN TECHNOLOGIES,,,UNMATCHED
756038,WAAREERTL,,WAAREE RENEWABLE TECHNOLOGIES,,,UNMATCHED
756802,OSWALPUMPS,,OSWAL PUMPS,,,UNMATCHED
757102,BELRISE,,BELRISE INDUSTRIES,,,UNMATCHED
757336,AEGISVOPAK,AEGISVOPAK,AEGIS VOPAK TERMINALS,OIL & GAS,OIL / GAS STORAGE & LOGISTICS,EXACT
757645,ATHERENERG,,ATHER ENERGY,,,UNMATCHED
757772,HDBFS,,HDB FINANCIAL SERVICES,,,UNMATCHED
757850,CRIZAC,,CRIZAC,,,UNMATCHED
757862,EBGNG,,GNG ELECTRONICS,,,UNMATCHED
758002,SHANTIGOLD,,SHANTI GOLD INTERNATIONAL,,,UNMATCHED
758115,JSLL,,JEENA SIKHO LIFECARE,,,UNMATCHED
758551,RAYMONDREL,,RAYMOND REALTY,,,UNMATCHED
759093,SHRINGARMS,,SHRINGAR HOUSE OF MANGALSUTRA,,,UNMATCHED
759244,JAINREC,,JAIN RESOURCE RECYCLING,,,UNMATCHED
759251,EPACKPEB,,EPACK PREFAB TECHNOLOGIES,,,UNMATCHED
759265,TATACAP,,TATA CAPITAL,,,UNMATCHED
759342,PACEDIGITK,,PACE DIGITEK,,,UNMATCHED
759448,SHREEJISPG,,SHREEJI SHIPPING GLOBAL,,,UNMATCHED
759605,LENSKART,,LENSKART SOLUTIONS,,,UNMATCHED
759728,EMMVEE,,EMMVEE PHOTOVOLTAIC POWER,,,UNMATCHED
759782,TMCV,,TATA MOTORS,,,UNMATCHED
759806,GROWW,,GROWW,,,UNMATCHED
759867,CAPILLARY,,CAPILLARY TECHNOLOGIES,,,UNMATCHED
759880,TENNIND,,TENNECO CLEAN AIR,,,UNMATCHED
760,CGPOWER,,CG POWER & INDUSTRIAL SOLUTIONS,,,UNMATCHED
760183,CLEANMAX,,CLEAN MAX ENVIRO ENERGY SOLUTIONS,,,UNMATCHED
760213,LGEINDIA,LGEINDIA,LG ELECTRONICS,CONSUMER DURABLES,CONSUMER ELECTRONICS,EXACT
760234,AEQUS,,AEQUS,,,UNMATCHED
760351,PARKHOSPS,,PARK MEDI WORLD,,,UNMATCHED
761153,SEDEMAC,,SEDEMAC MECHATRONICS,,,UNMATCHED
761469,SHADOWFAX,,SHADOWFAX TECHNOLOGIES,,,UNMATCHED
761581,CMPDI,,CENTRAL MINE P & D INSTITUTE,,,UNMATCHED
762638,DECNGOLD,,DECCAN GOLD MINES,,,UNMATCHED
762889,SEIL,,SHANTI EDUCATIONAL INITIATIVES,,,UNMATCHED
762954,TIMEX,,TIMEX GROUP,,,UNMATCHED
763294,KISSHT,,ONEMI TECHNOLOGY SOLUTIONS,,,UNMATCHED
772,DABUR,DABUR,DABUR INDIA,FMCG,PERSONAL CARE / HEALTHCARE,EXACT
7851,RAMCOSYS,,RAMCO SYSTEMS,,,UNMATCHED
7862,GVPIL,,GE POWER,,,UNMATCHED
7929,ZYDUSLIFE,ZYDUSLIFE,ZYDUS LIFE SCIENCE,PHARMA,PHARMACEUTICALS,EXACT
7936,AVANTIFEED,,AVANTI FEEDS,,,UNMATCHED
8054,KTKBANK,,KARNATAKA BANK,,,UNMATCHED
8075,DALBHARAT,DALBHARAT,DALMIA BHARAT,CEMENT,CEMENT,EXACT
8479,TVSMOTOR,TVSMOTOR,TVS MOTORS,AUTO,TWO WHEELERS,EXACT
8585,NLCINDIA,,NLC INDIA,,,UNMATCHED
8727,SHAILY,,SHAILY ENGINEERING PLASTICS,,,UNMATCHED
881,DRREDDY,DRREDDY,DR REDDYS LABORATORIES,PHARMA,PHARMACEUTICALS,EXACT
8866,CHOICEIN,,CHOICE INTERNATIONAL,,,UNMATCHED
8937,E2E,,E2E NETWORKS,,,UNMATCHED
8968,HARIOMPIPE,,HARIOM PIPE INDUSTRIES,,,UNMATCHED
9087,PIXTRANS,,PIX TRANSMISSIONS,,,UNMATCHED
910,EICHERMOT,EICHERMOT,EICHER MOTORS,AUTO,TWO WHEELERS,EXACT
9356,MSTCLTD,,MSTC,,,UNMATCHED
9362,CAMPUS,,CAMPUS ACTIVEWEAR,,,UNMATCHED
937,ELGIEQUIP,,ELGI EQUIPMENTS,,,UNMATCHED
9385,PNCINFRA,,PNC INFRATECH,,,UNMATCHED
9428,SKIPPER,,SKIPPER,,,UNMATCHED
9480,LICI,LICI,LIC OF INDIA,FINANCIAL SERVICES,LIFE INSURANCE,EXACT
9552,RVNL,,RAIL VIKAS NIGAM,,,UNMATCHED
9590,POLYCAB,,POLYCAB,,,UNMATCHED
9592,VENUSPIPES,,VENUS PIPES & TUBES,,,UNMATCHED
9599,DELHIVERY,,DELHIVERY,,,UNMATCHED
9668,HIKAL,,HIKAL,,,UNMATCHED
9683,KPITTECH,KPITTECH,KPIT TECHNOLOGIES,IT,IT SERVICES - AUTOMOTIVE ENGINEERING,EXACT
9756,EMUDHRA,,EMUDHRA,,,UNMATCHED
981,EPL,,EPL,,,UNMATCHED
9810,AETHER,,AETHER INDUSTRIES,,,UNMATCHED
9819,HAVELLS,HAVELLS,HAVELLS,CONSUMER DURABLES,CONSUMER ELECTRICALS,EXACT
993,EVERESTIND,,EVEREST INDUSTRIES,,,UNMATCHED
